{
    "epoch": 87.5,
    "eval_accuracy_score": 0.907175246732462,
    "eval_f1": 0.5364120781527532,
    "eval_loss": 0.7619604468345642,
    "eval_precision": 0.6425531914893617,
    "eval_recall": 0.4603658536585366,
    "eval_runtime": 1.1473,
    "eval_samples": 250,
    "eval_samples_per_second": 217.912,
    "eval_steps_per_second": 27.893,
    "test_accuracy_score": 0.9045509464357632,
    "test_f1": 0.43406022845275183,
    "test_loss": 0.7901957035064697,
    "test_precision": 0.5160493827160494,
    "test_recall": 0.37455197132616486,
    "test_runtime": 2.3341,
    "test_samples": 500,
    "test_samples_per_second": 214.217,
    "test_steps_per_second": 26.991,
    "train_loss": 0.04478442996846778,
    "train_runtime": 1089.5036,
    "train_samples": 1750,
    "train_samples_per_second": 302.89,
    "train_steps_per_second": 13.768
}