{
    "epoch": 109.09,
    "eval_accuracy_score": 0.8829021072285943,
    "eval_f1": 0.4067796610169492,
    "eval_loss": 0.7340523600578308,
    "eval_precision": 0.37894736842105264,
    "eval_recall": 0.43902439024390244,
    "eval_runtime": 1.0733,
    "eval_samples": 250,
    "eval_samples_per_second": 232.928,
    "eval_steps_per_second": 29.815,
    "test_accuracy_score": 0.8868304470398711,
    "test_f1": 0.37116818558409276,
    "test_loss": 0.7581554055213928,
    "test_precision": 0.34514637904468415,
    "test_recall": 0.4014336917562724,
    "test_runtime": 2.3574,
    "test_samples": 500,
    "test_samples_per_second": 212.094,
    "test_steps_per_second": 26.724,
    "train_loss": 0.10765629155933856,
    "train_runtime": 730.1878,
    "train_samples": 1750,
    "train_samples_per_second": 657.365,
    "train_steps_per_second": 20.543
}