{
    "epoch": 19.13,
    "eval_accuracy": 0.9241719352658158,
    "eval_loss": 0.5157673954963684,
    "eval_runtime": 54.7042,
    "eval_samples": 2001,
    "eval_samples_per_second": 36.579,
    "eval_steps_per_second": 4.588,
    "test_accuracy": 0.9245237905475412,
    "test_loss": 0.5086731314659119,
    "test_runtime": 57.1039,
    "test_samples": 2077,
    "test_samples_per_second": 36.372,
    "test_steps_per_second": 4.553,
    "train_loss": 0.17482427190939587,
    "train_runtime": 22031.7823,
    "train_samples": 12543,
    "train_samples_per_second": 10.893,
    "train_steps_per_second": 0.681
}