{
    "eval_accuracy_score": 0.8498266204321152,
    "eval_f1": 0.24619640387275243,
    "eval_loss": 1.1080490350723267,
    "eval_precision": 0.22531645569620254,
    "eval_recall": 0.27134146341463417,
    "eval_runtime": 2.3806,
    "eval_samples": 250,
    "eval_samples_per_second": 105.016,
    "eval_steps_per_second": 13.442
}