{
    "epoch": 10.27,
    "eval_accuracy_score": 0.85142704721259,
    "eval_f1": 0.2911392405063291,
    "eval_loss": 0.5412098169326782,
    "eval_precision": 0.24891774891774893,
    "eval_recall": 0.35060975609756095,
    "eval_runtime": 5.0279,
    "eval_samples": 250,
    "eval_samples_per_second": 49.723,
    "eval_steps_per_second": 6.365,
    "test_accuracy_score": 0.8628003758893811,
    "test_f1": 0.21559633027522934,
    "test_loss": 0.5334463119506836,
    "test_precision": 0.188,
    "test_recall": 0.25268817204301075,
    "test_runtime": 10.0426,
    "test_samples": 500,
    "test_samples_per_second": 49.788,
    "test_steps_per_second": 6.273,
    "train_loss": 0.4018562431335449,
    "train_runtime": 1452.5846,
    "train_samples": 1750,
    "train_samples_per_second": 12.392,
    "train_steps_per_second": 1.033
}