{
    "epoch": 386.36,
    "eval_accuracy": 0.7813097099183602,
    "eval_loss": 1.622339129447937,
    "eval_runtime": 4.544,
    "eval_samples_per_second": 176.058,
    "eval_steps_per_second": 22.007
}